{"cameraMode":{"drawMode":0,"name":"Shaded","section":"Shading Mode"},"sceneLighting":false,"audioPlay":false,"sceneViewState":{"m_AlwaysRefresh":false,"showFog":false,"showSkybox":false,"showFlares":false,"showImageEffects":false,"showParticleSystems":false,"showVisualEffectGraphs":true,"m_FxEnabled":false},"in2DMode":false,"pivot":{"x":203.90982055664063,"y":24.41246795654297,"z":315.26275634765627},"rotation":{"x":0.37407490611076357,"y":-0.0013907677493989468,"z":0.0005611098604276776,"w":0.9274002313613892},"size":28.73651885986328,"orthographic":true}