{"cameraMode":{"drawMode":0,"name":"Shaded","section":"Shading Mode"},"sceneLighting":false,"audioPlay":false,"sceneViewState":{"m_AlwaysRefresh":false,"showFog":false,"showSkybox":false,"showFlares":false,"showImageEffects":false,"showParticleSystems":false,"showVisualEffectGraphs":true,"m_FxEnabled":false},"in2DMode":false,"pivot":{"x":40.760650634765628,"y":61.87919616699219,"z":-46.253265380859378},"rotation":{"x":-0.04585875943303108,"y":0.032053276896476749,"z":-0.0014697180595248938,"w":-0.998436450958252},"size":453.7314758300781,"orthographic":false}