{"cameraMode":{"drawMode":0,"name":"Shaded","section":"Shading Mode"},"sceneLighting":false,"audioPlay":false,"sceneViewState":{"m_AlwaysRefresh":false,"showFog":false,"showSkybox":false,"showFlares":false,"showImageEffects":false,"showParticleSystems":false,"showVisualEffectGraphs":true,"m_FxEnabled":false},"in2DMode":false,"pivot":{"x":296.2368469238281,"y":37.245758056640628,"z":264.1031188964844},"rotation":{"x":0.37407490611076357,"y":-0.0013907677493989468,"z":0.0005611098604276776,"w":0.9274002313613892},"size":61.29050827026367,"orthographic":true}