{"cameraMode":{"drawMode":0,"name":"Shaded","section":"Shading Mode"},"sceneLighting":false,"audioPlay":false,"sceneViewState":{"m_AlwaysRefresh":false,"showFog":false,"showSkybox":false,"showFlares":false,"showImageEffects":false,"showParticleSystems":false,"showVisualEffectGraphs":true,"m_FxEnabled":false},"in2DMode":false,"pivot":{"x":229.04000854492188,"y":20.670000076293947,"z":325.8999938964844},"rotation":{"x":0.6716035604476929,"y":-0.05515236780047417,"z":0.050257034599781039,"w":0.7371587157249451},"size":5.4959635734558109,"orthographic":true}